Plane Mirror 3_RN;Plane Mirror 3_RS;Plane Mirror 3_RO;Plane Mirror 3_OX;Plane Mirror 3_OY;Plane Mirror 3_OZ;Plane Mirror 3_DX;Plane Mirror 3_DY;Plane Mirror 3_DZ;Plane Mirror 3_EN;Plane Mirror 3_PL;Plane Mirror 3_S0;Plane Mirror 3_S1;Plane Mirror 3_S2;Plane Mirror 3_S3
2;2;1;-20.739731178029600000;0.000000000000003553;48.275296122347300000;-0.001270740108622750;0.373157584031468000;0.927767105851126000;100;43.73806975;1;0.185453;0.982653;-9.00E-05
3;2;1;-7.527571703900520000;0.000000000000000000;53.675655140120100000;-0.000941214370619473;0.373111111447718000;0.927786189070390000;100;48.73377731;1;0.625073;0.780566;-0.000133014
6;2;1;-22.792725087657600000;0.000000000000000000;83.630521456225700000;-0.001320976854289850;0.372851815876081000;0.927889960295971000;100;76.54431347;1;0.185453;0.982653;-8.29E-05
18;2;1;-20.739731178029600000;0.000000000000003553;48.275296122347300000;-0.001270740108622750;0.373157584031468000;0.927767105851126000;100;43.73806975;1;0.185453;0.982653;-9.00E-05
19;2;1;-7.527571703900520000;0.000000000000000000;53.675655140120100000;-0.000941214370619473;0.373111111447718000;0.927786189070390000;100;48.73377731;1;0.625073;0.780566;-0.000133014
