Plane Mirror 3_RN;Plane Mirror 3_RS;Plane Mirror 3_RO;Plane Mirror 3_OX;Plane Mirror 3_OY;Plane Mirror 3_OZ;Plane Mirror 3_DX;Plane Mirror 3_DY;Plane Mirror 3_DZ;Plane Mirror 3_EN;Plane Mirror 3_PL;Plane Mirror 3_S0;Plane Mirror 3_S1;Plane Mirror 3_S2;Plane Mirror 3_S3
2;2;1;22.88794943;-3.55E-15;-44.26826552;0.000572061;0.374991862343510;0.927027926182375;100;-41.03483132;1;0.559193;0.829038;-6.80E-05
3;2;1;-19.78203864;-4.44E-16;-8.363886736;-0.000493844;0.374679068342209;0.927154437979008;100;-7.749861712;1;0.961262;0.275637;0.000154792
4;2;1;9.43E-15;-5.05E-29;1.13E-12;0;0.374606593415912;0.927183854566787;100;1.82E-12;1;0.961262;0.275637;0.000152832
5;2;1;19.78969951;-4.44E-16;8.367125767;0.000493844;0.374534024837969;0.927213039358608;100;7.762864891;1;0.615661;0.788011;-0.000136236
6;2;1;-22.93495811;-1.78E-15;44.35943799;-0.000572061;0.374221137185033;0.927339319359311;100;41.13936498;1;0.961262;0.275637;-1.24E-05
